,music,hastag_data,author_follower,author_heart,play
0,Lazada 1212 Meriah,lazada1212meriah,3400000,48700000,12500000
1,original sound - Lazada Indonesia,lazada1212meriah,2100000,40600000,66900
2,Lazada 1212 Meriah,lazada1212meriah,2800000,127900000,59500
3,Lazada 1212 Meriah,lazada1212meriah,3400000,48700000,1700000
4,Lazada 1212 Meriah,lazada1212meriah,33900,871700,7267
5,Lazada 1212 Meriah,lazada1212meriah,1871,266700,49100
6,Lazada 1212 Meriah,lazada1212meriah,33900,871700,3067
7,Lazada 1212 Meriah,lazada1212meriah,1502,148300,41900
8,Lazada 1212 Meriah,lazada1212meriah,2067,13000,5885
9,Lazada 1212 Meriah,lazada1212meriah,14000,177800,20400
10,Lazada 1212 Meriah,lazada1212meriah,1700000,8300000,37600
11,Lazada 1212 Meriah,lazada1212meriah,14000,177800,13200
12,Lazada 1212 Meriah,lazada1212meriah,14000,423900,5011
13,Lazada 1212 Meriah,lazada1212meriah,42100,74900,3938
14,original sound,foryou,3200000,44300000,386200000
15,Trap de Amarela,foryou,2800000,37600000,252900000
16,suono originale,foryou,123300000,1900000000,176400000
17,Falling,foryou,25100000,587200000,256400000
18,INDUSTRY BABY,foryou,9700000,174100000,181300000
19,Touch Down 2 Cause Hell,foryou,1900000,35100000,200200000
20,Sarah Paulson crying in a British accent,foryou,1600000,46800000,120100000
21,original sound,foryou,6900000,314000000,169800000
22,Laxed (Siren Beat),foryou,5200000,80100000,225400000
23,sonido original,capcut,384500,6900000,33300000
24,Day in the life,capcut,218600,6700000,25200000
25,original sound,capcut,751900,7500000,55100000
26,orijinal ses,capcut,744000,10500000,25800000
27,Mood - Remix,capcut,1900000,28000000,41400000
28,Get You The Moon,capcut,1300000,14900000,27600000
29,Ski Mask The Slump God â€“ Foot Fungus,capcut,1200000,13800000,29800000
30,sonido original,capcut,141800,4000000,34500000
31,suara asli - jÌ¶oÌ¶wÌ¶oÌ¶ Ì¶pÌ¶rÌ¶iÌ¶dÌ¶eÌ¶,jamesap,495300,6800000,715600
32,suara asli - SÌ³aÌ³yÌ³fÌ³uÌ³LÌ³_Ì³JÌ³rÌ³,jamesap,44900,448700,969000
33,suara asli - ğŸ‡²ğŸ‡¨ Lungo Tanpo Pamit ğŸ‡®ğŸ‡©,jamesap,197300,2200000,340000
34,suara asli - JÌ¶AÌ¶VÌ¶AÌ¶ PÌ¶RÌ¶IÌ¶DÌ¶EÌ¶ ğŸ’¥,jamesap,495300,6800000,214900
35,suara asli - JÌ¶AÌ¶VÌ¶AÌ¶ PÌ¶RÌ¶IÌ¶DÌ¶EÌ¶ ğŸ’¥,jamesap,495300,6800000,218000
36,original sound - onenadaofficial,jamesap,33100,184800,215800
37,suara asli - Sucipto Ahmad293,jamesap,15900,145300,365000
38,suara asli - ğ–ğ¬ğ›ğŒğ®ğ¬ğ¢ğ¤ğƒğšğ§ğ ğğ®ğ­,jamesap,123500,1600000,223400
39,Syahiba Saufa feat James Ap Mister Mendem,jamesap,113400,2000000,102400
40,suara asli - akunff,jamesap,45500,1000000,883700
41,suara asli - çˆªå‚ä¸‚ - P ?,syahiba_saufa,4121,63200,758800
42,original sound - mbak R,syahiba_saufa,20300,65300,735700
43,suara asli - jÌ¶oÌ¶wÌ¶oÌ¶ Ì¶pÌ¶rÌ¶iÌ¶dÌ¶eÌ¶,syahiba_saufa,495300,6800000,715600
44,alum kembang,syahiba_saufa,45900,250800,403200
45,suara asli - Ganvie ABKC,syahiba_saufa,206100,4300000,614900
46,suara asli - Sahabat Syahiba Saufa ğŸ¥,syahiba_saufa,83400,528400,552200
47,suara asli - ğ–ğ¬ğ›ğŒğ®ğ¬ğ¢ğ¤ğƒğšğ§ğ ğğ®ğ­,syahiba_saufa,308700,4400000,435800
48,suara asli - DANGDUT.KALEM,syahiba_saufa,434300,8300000,557000
49,suara asli - Sahabat Syahiba Saufa ğŸ¥,syahiba_saufa,83400,528400,376000
50,suara asli - SÌ³aÌ³yÌ³fÌ³uÌ³LÌ³_Ì³JÌ³rÌ³,syahiba_saufa,44900,448700,969000
51,suara asli - SailaCaa225,katakbhizzer,30100,1100000,905700
52,duit mana duit,katakbhizzer,7947,112700,989000
53,suara asli - SailaCaa225,katakbhizzer,30100,1100000,655200
54,i dont care,katakbhizzer,1895,120100,853000
55,suara asli - SailaCaa225,katakbhizzer,30100,1100000,385900
56,suara asli - ğ™ğ™â€¢ğ˜¿ğ˜¼ğ™‰ğ™‰,katakbhizzer,1955,69600,565700
57,suara asli - FALL JAWAğŸ˜¼,katakbhizzer,3589,64100,466100
58,suara asli - Efrian,katakbhizzer,20900,253700,392600
59,Kumau Dia,katakbhizzer,774,45000,166200
60,suara asli - RizkiDuarrğŸŒ ,katakbhizzer,1631,42200,331800
61,Love To Hate Me,stm,46600,3100000,1800000
62,original sound,stm,44900,701800,1900000
63,original sound - DellaFatayaâœ¨,stm,4544,233700,2900000
64,suara asli - astagfirullah,stm,8166,193000,2100000
65,They are watching us,stm,128300,6800000,803600
66,suara asli - DANGDUT.KALEM,stm,2712,209800,1500000
67,They are watching us,stm,128300,6800000,802400
68,suara asli - DEMğŸ…°ï¸S,stm,1840,159700,2000000
69,suara asli - IBADâ€¢REALâˆšğŸ”˜,stm,8925,318200,2300000
70,original sound,stm,2110,194300,854400
71,origineel geluid,viral,3200000,46400000,287700000
72,original sound,viral,11000000,127700000,264100000
73,Follow weeememes,viral,3500000,64400000,248700000
74,ì˜¤ë¦¬ì§€ë„ ì‚¬ìš´ë“œ - ì›ì •ë§¨ WonJeong,viral,36600000,963100000,168400000
75,original sound,viral,6900000,314000000,169800000
76,drivers license x take me to church,viral,3300000,46900000,130700000
77,ì˜¤ë¦¬ì§€ë„ ì‚¬ìš´ë“œ - ì›ì •ë§¨ WonJeong,viral,36600000,963100000,161300000
78,Chopin Nocturne No. 2 Piano Mono,viral,2800000,36300000,109900000
79,original sound,viral,2300000,42400000,119900000
80,M to the B,fyp,86000000,2000000000,657600000
81,Deep End,fyp,10100000,197800000,263900000
82,original sound,fyp,781400,34900000,182400000
83,original sound,fyp,11000000,127700000,270700000
84,Trap de Amarela,fyp,2800000,37600000,252900000
85,original sound,fyp,843100,30900000,200700000
86,original sound,fyp,11000000,127700000,264100000
87,original sound,fyp,3700000,68400000,311400000
88,Love Story,fyp,5200000,62100000,183800000
89,original sound - Jessica Bunga,fyp,6500000,110500000,211900000
90,Asma E Husna,masukberanda,104700,4600000,15800000
91,original sound - A L D I,masukberanda,832500,14600000,36500000
92,Nungguin Wrap Me In Plastik,masukberanda,9500000,185600000,28600000
93,AHH MANTAP,masukberanda,608400,8300000,41100000
94,Fadil jaidi,masukberanda,84400,3500000,28600000
95,Mimimi,masukberanda,95600,5200000,21700000
96,suara asli - Mas Tuu,masukberanda,299300,9100000,42900000
97,Toxic,masukberanda,83800,2900000,19400000
98,original sound - Dy.yol,masukberanda,1600000,39500000,35000000
99,DEVI HARIYANTI JANGAN MARAH MARAH LAGI YA,masukberanda,59000,2600000,20500000
100,original sound,fyou,6600000,191900000,18000000
101,som original,fyou,352600,5000000,24800000
102,DAY IN THE LIFE BURNS stephy,fyou,1200000,31800000,19800000
103,original sound,fyou,562300,10900000,15600000
104,original sound,fyou,247900,4200000,8700000
105,original sound,fyou,10100000,438400000,11300000
106,I'm Just a Kid,fyou,96600,4500000,13500000
107,som original,fyou,718000,8600000,10600000
108,original sound,fyou,1200000,12900000,17900000
109,som original,fyou,112500,2400000,6300000
110,original sound,fyoupage,111300,5600000,22600000
111,suara asli - parispernandes IIğŸ‡®ğŸ‡©,fyoupage,2100000,38500000,51400000
112,original sound - Jasonwlm10,fyoupage,3100000,114300000,23400000
113,Absolutely Anything (feat. Or3o),fyoupage,46500,2200000,11600000
114,POOF BE GONE,fyoupage,8100000,72000000,15100000
115,som original,fyoupage,475200,4200000,7600000
116,original sound,fyoupage,214200,1600000,20200000
117,original sound,fyoupage,76500,7800000,4100000
118,som original,fyoupage,188900,1600000,5400000
119,original sound,fyoupage,40800,1200000,16400000
120,original sound - SITIHODIJAHâ™¥ï¸ğŸ’‹,komentarnetizen,4100000,58100000,1900000
121,original sound - Indira Kalistha,komentarnetizen,1100000,21800000,4700000
122,Cute,komentarnetizen,696900,11800000,6400000
123,original sound - JUAN,komentarnetizen,1300000,83900000,1800000
124,original sound - Tasya Revina,komentarnetizen,4700000,161800000,2600000
125,original sound - Olivia_aten,komentarnetizen,424800,6900000,3900000
126,original sound - kevin nobel,komentarnetizen,2000000,61900000,582800
127,original sound - Anne Ardina S,komentarnetizen,1800000,14200000,401000
128,Cutie,komentarnetizen,472400,5700000,366500
129,original sound - alexanderfortune,komentarnetizen,53900,559100,275900
130,original sound - ciA,komentarnetizen,3500000,313300000,412600
131,original sound - Clint,komentarnetizen,77400,1400000,204200
132,original sound - dr. Ika,komentarnetizen,748800,10900000,1600000
133,original sound - Utari Hues,komentarnetizen,191200,1500000,172600
134,original sound - Michelle Christo,komentarnetizen,207200,1100000,189400
135,original sound - rianindraputra,komentarnetizen,1900000,28900000,368800
136,original sound - anna,komentarnetizen,523600,6100000,265000
137,original sound - alvanoricky,komentarnetizen,1400000,35100000,319100
138,original sound - Kellycourtneyy,komentarnetizen,2100000,40600000,153800
139,Bad Liar Now the day bleeds,komentarnetizen,28600,1100000,94400
140,God is good,komentarnetizen,1400000,64200000,8300000
141,"In My Mind, We Are Lovers",komentarnetizen,2300000,56400000,10900000
142,original sound - teresağŸ»,komentarnetizen,2300000,56400000,6500000
143,original sound - Kusdifrans,komentarnetizen,798000,22300000,6600000
144,original sound - Theo Bechet,komentarnetizen,821700,14000000,8600000
145,Run 2 U (Remix),komentarnetizen,3000000,121700000,10500000
146,original sound - teresağŸ»,komentarnetizen,2300000,56400000,5600000
147,original sound - Indira Kalistha,komentarnetizen,2300000,56400000,5100000
148,suara asli - Irene Merani,komentarnetizen,163500,3000000,3700000
149,original sound - Eh Ojannn la ğŸ‘‘,cekpinkomentar,1665,123200,1100000
150,suara asli,cekpinkomentar,6026,199900,594200
151,suara asli - Rudizx,cekpinkomentar,20900,830500,859800
152,original sound - SILUET,cekpinkomentar,18300,916200,573100
153,suara asli,cekpinkomentar,959,84200,581300
154,original sound - Wisy ğŸ¤¡,cekpinkomentar,4944,779000,510200
155,suara asli,cekpinkomentar,33800,235400,386500
156,suara asli,cekpinkomentar,20900,207100,625900
157,suara asli,cekpinkomentar,2320,225900,425000
158,suara asli - OSKADONEğŸ—¿ğŸ¥€,cekpinkomentar,3833,52000,455300
159,original sound - Atop art29,brandatiktok,634300,8000000,10700000
160,chain hang low DJ HOLY,brandatiktok,165900,1000000,6600000
161,original sound,brandatiktok,120800,722400,7400000
162,Mabok Janda Remix,brandatiktok,5100000,111400000,2800000
163,Toxic by BoyWithUke,brandatiktok,8176,384700,2500000
164,Malam minggu,brandatiktok,167800,13200000,2000000
165,Ajarin Muka 2 Dong Mba,brandatiktok,461200,6400000,3300000
166,heather,brandatiktok,76500,1300000,4500000
167,original sound,brandatiktok,459500,4200000,4500000
168,original sound - FIXâ„¢ Adam Shawn,brandatiktok,95500,541800,2700000
169,original sound - tiktokIDofficial,yukcaritau,4900000,30400000,10500000
170,Dynamite,yukcaritau,469900,6400000,142100
171,suara asli - à¹„à¸™à¹€à¸ˆà¸¥à¸•à¸±à¸™ | Nigel Tan |,yukcaritau,339600,11900000,318700
172,Quirky,yukcaritau,521700,23800000,592700
173,original sound - Eka Gustiwana,yukcaritau,454800,7000000,275200
174,suara asli - romy,yukcaritau,189800,10400000,730800
175,"Yours (feat. LeeHi, CHANGMO)",yukcaritau,647000,16900000,163200
176,original sound - Tech Tech,yukcaritau,153900,2100000,726800
177,Life Goes On,yukcaritau,335100,6500000,166300
178,LALISA,yukcaritau,231600,4100000,417000
179,Better When I'm Dancin',yukcaritau,356000,4600000,586100
180,LALISA,yukcaritau,2300000,73300000,389400
181,Say So (Instrumental Version) [Originally Performed by Doja Cat],yukcaritau,1500000,58300000,1300000
182,The Creepy Music Box (Psychological Thriller / Horror),yukcaritau,766700,18400000,477000
183,original sound - youtube : Prio Romano,yukcaritau,243900,5200000,95400
184,suara asli - Echa Laksmi,yukcaritau,502900,10400000,1500000
185,STAY,yukcaritau,175400,2300000,393900
186,Married Life,yukcaritau,52200,1600000,514400
187,Squid game X Lalisa,yukcaritau,66600,1400000,168200
188,Horror atmosphere piano & SE.,yukcaritau,766700,18400000,754700
189,Monkeys Spinning Monkeys,yukcaritau,972600,22200000,938200
190,Say So (Instrumental Version) [Originally Performed by Doja Cat],yukcaritau,473800,9300000,330900
191,original sound - masakan.simple,yukcaritau,1900000,22500000,184200
192,Blade Runner 2049,yukcaritau,501300,2700000,799900
193,STAY,yukcaritau,26200,1100000,344300
194,LALISA,yukcaritau,32700,1200000,151800
195,Sunflower - Spider-Man: Into the Spider-Verse,yukcaritau,70800,939400,296100
196,Say So (Instrumental Version) [Originally Performed by Doja Cat],yukcaritau,760900,17700000,297000
197,Bukan Pho,yukcaritau,259300,8500000,187300
198,Gravity Falls Intro (Electro),yukcaritau,327400,7500000,923300
199,CM style of furniture and clothes Refreshing tunes with good tempo(166185),yukcaritau,523000,12800000,479400
200,Permisi Ganteng,yukcaritau,870000,20700000,1600000
201,Manis Tapi Bukan Gula (Short version),yukcaritau,514000,6100000,225700
202,Monkeys Spinning Monkeys,yukcaritau,680800,33300000,130300
203,Monkeys Spinning Monkeys,yukcaritau,243900,5200000,39200
204,Summer day,yukcaritau,23500,357900,22100
205,original sound - Chilla Kiana,yukcaritau,828600,10600000,1300000
206,Squid Game - Green Light Red Light,yukcaritau,1100000,31800000,679700
207,original sound - Valent Ko,yukcaritau,166500,3900000,543500
208,edamame,yukcaritau,335100,6500000,369400
209,Sneaky Snitch,yukcaritau,972600,22200000,7100000
210,double take,yukcaritau,7103,131900,66900
211,DINDA,yukcaritau,3500000,40100000,1200000
212,Chopin Nocturne No. 2 Piano Mono,yukcaritau,766700,18400000,1700000
213,Monkeys Spinning Monkeys,yukcaritau,851400,18500000,364700
214,Say So (Instrumental Version) [Originally Performed by Doja Cat],yukcaritau,7103,131900,58800
215,original sound - Coach RH | Prima Academy,yukcaritau,114100,2200000,80800
216,Lazy Sunday,yukcaritau,421900,12600000,111900
217,original sound - Rudensofian,yukcaritau,311300,3200000,111900
218,"Married Life (From ""Up"")",yukcaritau,139700,2500000,671200
219,suara asli - Crazyboys,yukcaritau,156400,5200000,195900
220,Blue Blood,yukcaritau,237800,3300000,611800
221,edamame,yukcaritau,2700000,98100000,4500000
222,GUY.exe,yukcaritau,94600,3400000,277700
223,Let's cooking,yukcaritau,159000,1300000,307000
224,So Nice,yukcaritau,67400,704000,294200
225,MONEY,yukcaritau,141200,3100000,81000
226,U MAKE ME GO,yukcaritau,839600,24900000,309300
227,Trance Music for Racing Game,yukcaritau,152400,1600000,714300
228,original sound - zakimages,yukcaritau,228000,3200000,316300
229,Waterdrop,yukcaritau,980000,18400000,324700
230,original sound - mia oktavia,yukcaritau,383100,10200000,357900
231,suara asli - Rizkyy Fazz,yukcaritau,118500,5900000,80200
232,Squid Game - Green Light Red Light,yukcaritau,289200,7300000,304100
233,Bolehhh,yukcaritau,677400,12100000,802300
234,Squidville,yukcaritau,356000,4600000,104400
235,Dancing In The Moonlight x Pumped Up Kicks,yukcaritau,353600,9400000,331900
236,MONEY,yukcaritau,523000,12800000,334900
237,My Universe,yukcaritau,175400,2300000,298600
238,Spanish Rose,yukcaritau,97800,1300000,88300
239,Clouds,yukcaritau,264900,9700000,315500
240,suara asli - Mario g klau,yukcaritau,862500,33800000,2500000
241,suara asli - Rangga Juans,yukcaritau,791700,9500000,287700
242,Bae (Remix),yukcaritau,23500,357900,92400
243,suara asli - Akpoy ç€˜ğŸ€,yukcaritau,421900,12600000,273900
244,Love Nwantiti(Remix),yukcaritau,198200,3400000,1100000
245,Romantic Sunday,yukcaritau,166500,3900000,676500
246,edamame,yukcaritau,6300000,275600000,2800000
247,Monkeys Spinning Monkeys,yukcaritau,454800,7000000,341000
248,Say So (Instrumental Version) [Originally Performed by Doja Cat],yukcaritau,3900000,54200000,294700
249,Bella ciao - HUGEL Remix Extended,yukcaritau,243900,5200000,84700
250,Mission Impossible (Main Theme),yukcaritau,1200000,21100000,353100
251,Squid Game - Green Light Red Light,yukcaritau,509800,9500000,694300
252,"Serenade No.13 in G Major, K. 525 ""Eine Kleine Nachtmusik"" I. Allegro",yukcaritau,525700,15200000,772100
253,suara asli - Sri Karyati | Art & Draw,yukcaritau,862500,12600000,4900000
254,Geef mij maar Amsterdam,yukcaritau,521700,23800000,1100000
255,Love Nwantiti,yukcaritau,327400,7500000,2300000
256,Unstoppable,yukcaritau,52400,628200,299200
257,Berdua Bersama,yukcaritau,308500,6900000,309900
258,Squid Game - Green Light Red Light,yukcaritau,647000,16900000,357400
259,Little Mix - Hair,yukcaritau,677400,12100000,141900
260,Steven Universe,yukcaritau,701900,9300000,170400
261,Way Back then,yukcaritau,1100000,31800000,315600
262,original sound - Rowie Eka ğŸ¤,yukcaritau,371600,11500000,854500
263,Monkeys Spinning Monkeys,yukcaritau,972600,22200000,2400000
264,[Healing] Music box for reminiscence scenes,yukcaritau,163800,2200000,107600
265,Pokemon Theme,yukcaritau,97800,1300000,63900
266,original sound - Priscilla Lee ì´ì˜ˆì€,yukcaritau,2000000,49300000,2000000
267,Into The Thick Of It!,yukcaritau,4000000,100100000,1900000
268,Milk Tea,yukcaritau,2969,320900,336500
269,Home,yukcaritau,592000,19300000,838700
270,Get Into It (Yuh),yukcaritau,273,2709,60300
271,suara asli - febriana wulaningrum,yukcaritau,4106,54800,292200
272,Classical Music,yukcaritau,393700,6700000,784700
273,original sound,yukcaritau,159000,1300000,708000
274,Say So (Instrumental Version) [Originally Performed by Doja Cat],yukcaritau,139700,2500000,691000
275,GUY.exe,yukcaritau,94600,3400000,66100
276,Flying Deep in the Night,yukcaritau,93200,1500000,307400
277,original sound - FLo Lemaknyo ğŸ£,yukcaritau,647000,16900000,289200
278,Say So (Instrumental Version) [Originally Performed by Doja Cat],yukcaritau,54900,1700000,697400
279,Say So (Instrumental Version) [Originally Performed by Doja Cat],yukcaritau,1800000,35300000,73200
280,Say So (Instrumental Version) [Originally Performed by Doja Cat],yukcaritau,4000000,100100000,2100000
281,suara asli - romy,yukcaritau,189800,10400000,647600
282,Wali Yank by Iyuz misterius,yukcaritau,1500000,18000000,406400
283,habits stay high,yukcaritau,157300,4200000,372200
284,original sound - mia oktavia,yukcaritau,383100,10200000,328500
285,qing fei de yi meteor garden ost,yukcaritau,356000,4600000,141400
286,edamame,yukcaritau,114100,2200000,305400
287,original sound - youtube : Prio Romano,yukcaritau,243900,5200000,235700
288,The Creepy Music Box (Psychological Thriller / Horror),yukcaritau,766700,18400000,2200000
289,Bombastic,yukcaritau,356000,4600000,1000000
290,Squid Game - Green Light Red Light,yukcaritau,1100000,31800000,2300000
291,Squid Game - Green Light Red Light,yukcaritau,526400,12700000,1600000
292,Dinda,yukcaritau,1600000,38900000,636400
293,Quirky,yukcaritau,74600,1600000,696800
294,LALISA,yukcaritau,78400,2000000,411400
295,Chuck Manzione-style Spanish song(958681),yukcaritau,521700,23800000,750600
296,love is done,yukcaritau,105000,2100000,867000
297,Dj Luffy Thai Remix,yukcaritau,380000,3300000,938800
298,To the Bone,yukcaritau,112200,6600000,694400
299,original sound - Dims The Meat Guy,yukcaritau,4200000,125400000,790200
300,é’¢ç´æ›²é’æ˜¥æ—¶å…‰,yukcaritau,166500,3900000,1100000
301,ONLY,yukcaritau,174600,6000000,333600
302,Dandelions (slowed + reverb),yukcaritau,1100000,45200000,10200000
303,Clouds,yukcaritau,523000,12800000,10900000
304,Squid Game - Green Light Red Light,yukcaritau,883400,33600000,8200000
305,Pink Soldiers,yukcaritau,1400000,18000000,2800000
306,Horror atmosphere piano & SE.,yukcaritau,125600,5400000,3200000
307,Addicted to Finessing (feat. Retro Messiah),yukcaritau,3700000,30300000,4800000
308,MONEY,yukcaritau,273900,4000000,1800000
309,Welcome To Indonesia,yukcaritau,2200000,55100000,2300000
310,edamame,yukcaritau,851400,18500000,2000000
311,original sound - kikie agahari,yukcaritau,19500,785900,6200000
312,original sound,shopee,191800,4000000,17300000
313,everyone using this sound,shopee,783900,14200000,12800000
314,AMAKABOGERA,shopee,99500,1900000,24800000
315,Monkeys Spinning Monkeys,shopee,347000,4800000,13600000
316,som original,shopee,155800,1600000,18800000
317,som original,shopee,222500,4000000,8300000
318,original sound - Alex Gonzaga,shopee,5400000,39400000,11000000
319,original sound - alsa,shopee,39600,2400000,9000000
320,AWAS SAMA OLSHOP INI,shopee,64000,1700000,10100000
321,Langit,shopee,8626,1400000,11400000
322,original sound - tiktokIDofficial,antigaptek,4900000,30400000,17100000
323,STAY,antigaptek,15600,288200,233200
324,MONEY,antigaptek,169200,5600000,448300
325,Sam Kim Love Me Like That,antigaptek,67600,2400000,34700
326,ONLY,antigaptek,549200,12000000,2900000
327,Monkeys Spinning Monkeys,antigaptek,750700,20300000,175500
328,Wii - Mii Channel,antigaptek,190100,4700000,41600
329,Monkeys Spinning Monkeys,antigaptek,501500,15300000,33000
330,suara asli - hooman â—¡Ìˆ,antigaptek,102400,876100,211700
331,The Big Day,antigaptek,282700,2100000,83000
332,Squidville,antigaptek,144100,3200000,15900
333,kith me nowww,antigaptek,200000,9900000,7078
334,original sound - taufiknobo,antigaptek,24100,345300,30400
335,Ysai Castro Original sound,antigaptek,495900,22200000,22800
336,Remix Tonight,antigaptek,33400,816200,13300
337,Intentions (Instrumental Version) [Originally Performed by Justin Bieber & Quavo],antigaptek,102400,876100,34900
338,Steven Universe,antigaptek,493800,15300000,146400
339,Mariposa,antigaptek,340600,9900000,140300
340,Wolfgang Dance,antigaptek,190100,4700000,22500
341,The Middle,antigaptek,340600,9900000,24500
342,FEEL THE GROOVE,antigaptek,103900,1000000,85800
343,Parjamban Pargoy Jedag Jedug Bersatu Anti Slowmo,antigaptek,144100,3200000,19700
344,original sound - peachyhartsğŸ‘,antigaptek,102000,709900,106000
345,Lo ,antigaptek,87800,2200000,175000
346,original sound - ilhm,antigaptek,501500,15300000,102900
347,Hip Hop with impressive piano sound(793766),antigaptek,19100,233600,51800
348,Ysai Castro Original sound,antigaptek,495900,22200000,33200
349,Pieces (Solo Piano Version),antigaptek,44600,334500,23600
350,original sound - Kohcun,antigaptek,536900,8100000,196200
351,Canon in D Keroncong Version,antigaptek,94300,944200,12300
352,Ain't Sayin' No (Instrumental),antigaptek,248700,2900000,35500
353,Monkeys Spinning Monkeys,antigaptek,176300,3100000,22200
354,Pure Imagination cover by Angelo Javier,antigaptek,340600,9900000,23100
355,Every Summertime,antigaptek,327900,9800000,22600
356,Dominique Koplo,antigaptek,340600,9900000,12300
357,Moshi Moshi (Part 1),antigaptek,19200,229300,17600
358,Happy New Year,antigaptek,87800,2200000,7473
359,Wolfgang Dance,antigaptek,900400,14200000,17800
360,Swear By It,antigaptek,101900,1400000,89800
361,Shouldn't Be,antigaptek,906400,11400000,26500
362,Monkeys Spinning Monkeys,antigaptek,184400,3300000,123800
363,suara asli - flashgadget,antigaptek,47500,496600,47400
364,original sound - kevinrhema ğŸ˜,antigaptek,144100,3200000,3907
365,Wii - Mii Channel,antigaptek,190100,4700000,29600
366,Gravity Falls,antigaptek,493800,15300000,125100
367,MONEY,antigaptek,699800,18700000,1200000
368,Swear By It,antigaptek,11900,135100,14900
369,DJ Merindukanmu Slow Remix,antigaptek,340600,9900000,52400
370,Romantic Sunday,antigaptek,19300,321300,3857
371,suara asli - Teriana Akbar Yuloh,antigaptek,976100,18900000,82200
372,Kamu dan Kenangan - Original Soundtrack Habibie & Ainun 3,antigaptek,493800,15300000,1600000
373,"Bubblegum K.K. (From ""Animal Crossing: New Leaf"")",antigaptek,699800,18700000,79400
374,Future,antigaptek,67600,2400000,25100
375,original sound - GadgetEmpireID,antigaptek,13100,149600,15600
376,Lazy Sunday,antigaptek,63200,623300,6068
377,Wolfgang Dance,antigaptek,900400,14200000,37000
378,Funk it up,antigaptek,146800,779500,57800
379,original sound - FenFen | Lifehacks + Business,antigaptek,67600,2400000,21600
380,ONLY,antigaptek,144100,3200000,87300
381,MONEY,antigaptek,327900,9800000,25100
382,Sesange Sori Jillo I Love You (Making Lover),antigaptek,340600,9900000,30900
383,Pure Imagination cover by Angelo Javier,antigaptek,340600,9900000,77100
384,original sound - YANGCANGGIH.COM,antigaptek,23800,279700,13100
385,Wolfgang Dance,antigaptek,397500,6600000,2600000
386,suara asli - Tadinya Kang Hape,antigaptek,176300,3100000,5300000
387,MONEY,antigaptek,144100,3200000,20900
388,original sound - Akmal Riadi,antigaptek,397500,6600000,119900
389,Monkeys Spinning Monkeys,antigaptek,176300,3100000,4900000
390,Canon in D Keroncong Version,antigaptek,536900,8100000,781100
391,Lazy Sunday,antigaptek,102400,876100,12200
392,Simplicity,antigaptek,102000,709900,312400
393,BORN FOR THIS,antigaptek,44600,334500,2739
394,original sound - Bimo Tyasono | Life Tips,antigaptek,169200,5600000,2931
395,suara asli - PapaLouise,antigaptek,644100,10100000,408000
396,Only Me Remix,antigaptek,169200,5600000,27200
397,Monkeys Spinning Monkeys,antigaptek,101900,1400000,105500
398,STAY,antigaptek,493800,15300000,44300
399,Nothing On You,antigaptek,340600,9900000,73500
400,suara asli - arrinish,antigaptek,41000,792600,277600
401,Lazy Sunday,antigaptek,63200,623300,14300
402,SHIMMY SONGTRADR 30 HIT WONDER,antigaptek,248700,2900000,15800
403,original sound - Joerdy.s,antigaptek,965500,29900000,76800
404,suara asli - Kohcun,antigaptek,536900,8100000,134100
405,Swear By It,antigaptek,131200,1800000,24900
406,Wolfgang Dance,antigaptek,33400,816200,475500
407,DJ pudin026,antigaptek,900400,14200000,8457
408,Lazy Sunday,antigaptek,11900,135100,17600
409,BREATHE,antigaptek,23500,602900,14400
410,Monkeys Spinning Monkeys,antigaptek,750700,20300000,72600
411,No Rules,antigaptek,47500,496600,79900
412,Sam Kim Love Me Like That,antigaptek,67600,2400000,455500
413,The Big Day,antigaptek,307700,912300,124700
414,Asian style warm tropical house,antigaptek,87800,2200000,81800
415,Sneaky Snitch,antigaptek,327900,9800000,265700
416,A moist healing song,antigaptek,102400,876100,77100
417,Squidville,antigaptek,45100,865300,262500
418,Only Me Remix,antigaptek,144100,3200000,19600
419,original sound - ilhm,antigaptek,501500,15300000,3700000
420,Pieces (Solo Piano Version),antigaptek,11300,151000,13400
421,Lazy Sunday,antigaptek,48000,704100,312300
422,SOL SAN JUAN,antigaptek,57400,444900,13100
423,Wolfgang Dance,antigaptek,900400,14200000,7591
424,Only Me Remix,antigaptek,57400,444900,2281
425,DJ pudin026,antigaptek,900400,14200000,9595
426,Acoustic guitar live performance Gentle and nimble in nature(1007339),antigaptek,218400,7800000,94500
427,Make your own version,antigaptek,699800,18700000,18300
428,Hip Hop with impressive piano sound(793766),antigaptek,131200,1800000,23100
429,Pieces (Solo Piano Version),antigaptek,52400,1100000,15400
430,Squidville,antigaptek,131200,1800000,24500
431,PAJAMA PARTY,antigaptek,47500,496600,39900
432,Steven Universe,antigaptek,493800,15300000,10400000
433,Lazy Sunday,antigaptek,101900,1400000,32400
434,original sound - DK ID,antigaptek,248700,2900000,5758
435,sweet scar slow,antigaptek,57400,444900,667100
436,original sound,antigaptek,699800,18700000,123500
437,Panah Asmara,antigaptek,327900,9800000,8344
438,JEDAG JEDUG KARNA KAMU CEPAK JEDER,antigaptek,906400,11400000,25900
439,Say So (Instrumental Version) [Originally Performed by Doja Cat],antigaptek,750700,20300000,172300
440,Milk Tea,antigaptek,501500,15300000,16900
441,Dinda Cover,antigaptek,282700,2100000,6360
442,DINDA RMX,antigaptek,169200,5600000,3938
443,Future,antigaptek,67600,2400000,5165
444,Canon in D Keroncong Version,antigaptek,536900,8100000,688100
445,Skate,antigaptek,493800,15300000,42700
446,Kamu dan Kenangan - Original Soundtrack Habibie & Ainun 3,antigaptek,493800,15300000,1600000
447,MONEY,antigaptek,13100,149600,28000
448,suara asli - S.dmplii03,antigaptek,900400,14200000,35300
449,Hip Hop with impressive piano sound(793766),antigaptek,19100,233600,30000
450,sonido original,antigaptek,67600,2400000,17300
451,Canon in D Keroncong Version,antigaptek,536900,8100000,720900
452,The Big Day,antigaptek,282700,2100000,18000
453,Timber Lane,antigaptek,976100,18900000,864400
454,Monkeys Spinning Monkeys,antigaptek,493800,15300000,273000
455,THIS MOMENT WITH YOU,antigaptek,102400,876100,32300
456,original sound - ilhm,antigaptek,501500,15300000,35100
457,sonido original,antigaptek,67600,2400000,40400
458,Sesange Sori Jillo I Love You (Making Lover),antigaptek,340600,9900000,630000
459,Only Me Remix,antigaptek,144100,3200000,4859
460,Buttercup,antigaptek,47500,496600,4647
461,Cartoon-style piano solo jazz(853970),antigaptek,19300,321300,15100
462,original sound - iHome Apple Store,antigaptek,101900,1400000,236300
463,FEEL THE GROOVE,antigaptek,190100,4700000,67200
464,LALISA,antigaptek,327900,9800000,10400
465,Piano Sleep LoFi Slow Midnight(822103),antigaptek,340600,9900000,20400
466,Dj Jang Ganggu Viral Tiktok,antigaptek,1000000,10400000,3100000
467,original sound - DPJ Indonesia,antigaptek,43500,349600,2400000
468,suara asli - PapaLouise,antigaptek,644100,10100000,2500000
469,suara asli - Gomez or Gojek,antigaptek,5051,677400,1100000
470,suara asli - Farid hatami,antigaptek,900400,14200000,3500000
471,suara asli - luki paleka 99,antigaptek,20900,425300,889500
472,original sound - Irving Tan,antigaptek,310300,6800000,1600000
473,original sound,case,553500,10300000,29700000
474,original sound,case,1200000,41900000,25800000
475,UNDERWATER WONDERSCAPES (MASTER),case,4900000,61000000,19600000
476,Monster Mash,case,150300,4300000,28100000
477,Treat Others How You Want To Be Treated,case,2000000,53500000,15500000
478,TWINNEM,case,98400,3200000,26700000
479,Renee,case,243300,6200000,11800000
480,sonido original,case,779900,10700000,19800000
481,original sound,case,1200000,41900000,16100000
482,FML,case,113500,2600000,13200000
483,Wolfgang Dance,casecantik,109500,2200000,95800
484,Beta Janji Beta Jaga,casecantik,109500,2200000,11600
485,Bilang Pa Mama Mantu Remix,casecantik,109500,2200000,18200
486,LOCA LOCA,casecantik,109500,2200000,19200
487,Wolfgang Dance,casecantik,109500,2200000,9219
488,LOCA LOCA,casecantik,109500,2200000,6972
489,Andai aku jadi kaya,casecantik,109500,2200000,8035
490,Goyang Kepanasan,casecantik,233,1075,1122
491,Jalan Pargoy,casecantik,109500,2200000,2963
492,farhatun cantik,casecantik,2977,8046,1614
493,DN  Remix,viralditiktok,1800000,14200000,115400
494,Chosen,viralditiktok,1500000,21900000,83200
495,Chosen,viralditiktok,3400000,25900000,469600
496,Only Me Remix,viralditiktok,1800000,14200000,126800
497,Monkeys Spinning Monkeys,viralditiktok,6400000,144200000,207800
498,original sound,viralditiktok,1100000,22000000,647100
499,suara asli - á´€á´…Éªá´›Éªá´€,viralditiktok,1800000,108200000,1300000
500,Yamet Kudasi Cover,viralditiktok,3600000,43700000,3600000
501,suara asli - Deny,viralditiktok,4300000,87000000,10500000
502,Wolfgang Dance,viralditiktok,2800000,76900000,1400000
503,Mabok Janda Remix,viralditiktok,1800000,108200000,362600
504,Squid Game - Green Light Red Light,viralditiktok,1500000,21900000,61600
505,original sound,viralditiktok,1400000,8700000,75500
506,Dinda,viralditiktok,4300000,87000000,2100000
507,Singkong & Keju Cover,viralditiktok,1800000,14200000,160800
508,DINDA RMX,viralditiktok,2000000,80700000,605900
509,On The Floor,viralditiktok,7300000,61100000,887100
510,Yamet Kudasi Cover,viralditiktok,3300000,35700000,377200
511,Dinda Cover,viralditiktok,1400000,82300000,258700
512,original sound - akadun,viralditiktok,1400000,25900000,600000
513,Singkong & Keju Cover,viralditiktok,1800000,37400000,1600000
514,Remix Tonight,viralditiktok,3600000,43700000,179200
515,Dinda,viralditiktok,3600000,43700000,139400
516,Remix Tonight,viralditiktok,1500000,21900000,67700
517,Remix Tonight,viralditiktok,1500000,9300000,56200
518,Remix Tonight,viralditiktok,7300000,61100000,1600000
519,kanda,viralditiktok,1400000,25900000,334800
520,It's You Remix,viralditiktok,3600000,43700000,355900
521,Little Mix - Hair,viralditiktok,4100000,32100000,78500
522,DJ Lala MP Club,viralditiktok,4900000,23100000,247200
523,Little Mix - Hair,viralditiktok,1800000,14200000,172900
524,Yamet Kudasi,viralditiktok,4900000,23100000,407100
525,Bombastic,viralditiktok,8500000,104600000,2000000
526,DJ Lala MP Club,viralditiktok,1900000,47500000,169900
527,DJ Lala MP Club,viralditiktok,7300000,61100000,718500
528,Bombastic,viralditiktok,6400000,144200000,760800
529,DJ Lala MP Club,viralditiktok,1800000,108200000,1000000
530,Bombastic,viralditiktok,1500000,21900000,66400
531,Hot N Cold,viralditiktok,1500000,9300000,51800
532,Hello Bitches,viralditiktok,1800000,14200000,125300
533,Bombastic,viralditiktok,3500000,78100000,3200000
534,Hello Bitches,viralditiktok,2200000,52200000,134500
535,why tf did this blow up huh,viralditiktok,3200000,29600000,228600
536,BANJAR KERAS. part2,viralditiktok,3000000,50100000,2500000
537,Hello Bitches,viralditiktok,4100000,32100000,130300
538,Wali Yank by Iyuz misterius,viralditiktok,2100000,56900000,501600
539,Hello Bitches,viralditiktok,1000000,77600000,1100000
540,original sound,viralditiktok,2200000,12900000,262200
541,Wali Yank by Iyuz misterius,viralditiktok,1500000,21900000,136900
542,Wali Yank by Iyuz misterius,viralditiktok,1800000,14200000,138300
543,sofia xyvbn,viralditiktok,3000000,142100000,924200
544,Wildest Dreams,viralditiktok,1100000,24800000,125500
545,You Can Do It,viralditiktok,3300000,35700000,498200
546,Beta Janji Beta Jaga,viralditiktok,1400000,25900000,199900
547,original sound - MeuthiaZRizki ğŸ‡²ğŸ‡¨ğŸ¤‘,viralditiktok,1500000,16000000,164600
548,You Can Do It,viralditiktok,3600000,43700000,136600
549,suara asli - jiminshiğŸ–¤,viralditiktok,1500000,16000000,94000
550,It's You Remix,viralditiktok,1100000,22000000,1300000
551,bunyi asal - user184180606470,viralditiktok,2700000,21900000,326700
552,DAIJOBU DESU DATTEKIMI YOAIMO,viralditiktok,53600,11800000,176000
553,It's You Remix,viralditiktok,1800000,14200000,407300
554,Yamet Kudasi,viralditiktok,1000000,77600000,148600
555,original sound,viralditiktok,448300,15800000,293500
556,original sound - Fadil Jaidi,viralditiktok,1900000,14900000,440300
557,Goyang Ababil,viralditiktok,1500000,21900000,94400
558,ameliahh versi sloww,viralditiktok,3300000,121000000,3700000
559,BANJAR KERAS. part2,viralditiktok,1600000,35800000,165400
560,BANJAR KERAS. part2,viralditiktok,1800000,14200000,226800
561,BANJAR KERAS. part2,viralditiktok,448300,15800000,786400
562,BANJAR KERAS. part2,viralditiktok,13300000,290600000,2100000
563,BANJAR KERAS. part2,viralditiktok,7000000,321300000,668400
564,Goyang Ababil,viralditiktok,4900000,23100000,272300
565,Cintaku padamu membabi buta,viralditiktok,3100000,55500000,484700
566,original sound - CACILğŸ¦‹,viralditiktok,7700000,175600000,2700000
567,BANJAR KERAS. part2,viralditiktok,4900000,23100000,3000000
568,Wali Yank by Iyuz misterius,viralditiktok,1600000,34100000,363500
569,ameliahh versi sloww,viralditiktok,1600000,35800000,191300
570,ameliahh versi sloww,viralditiktok,1500000,21900000,162300
571,Aku Titipkan Koplo,viralditiktok,7300000,61100000,1400000
572,Goyang Ababil,viralditiktok,1900000,47500000,172900
573,Karna Rindu DJ Remix,viralditiktok,1800000,14200000,68600
574,ameliahh versi sloww,viralditiktok,4900000,23100000,225700
575,DJ GALA GALA X COPOT COPOT Raka Remixer Remix,viralditiktok,1400000,82300000,127400
576,Give love inkigayo Mc,viralditiktok,2800000,76900000,350300
577,DJ GALA GALA X COPOT COPOT Raka Remixer Remix,viralditiktok,6200000,100800000,6900000
578,edamame,viralditiktok,3600000,43700000,261200
579,Wali Yank by Iyuz misterius,viralditiktok,1100000,17200000,168500
580,suara asli - Marisha Chacha,viralditiktok,1800000,37400000,891100
581,beidou and uzuis wives supremacy,viralditiktok,1400000,82300000,179900
582,original sound - Marvin_Abendan,viralditiktok,1800000,14200000,73900
583,DJ Di Dunia Ini Full Beat ,viralditiktok,4100000,32100000,78100
584,Karna Rindu DJ Remix,viralditiktok,6200000,100800000,12800000
585,DJ GALA GALA X COPOT COPOT Raka Remixer Remix,viralditiktok,6100000,240800000,3500000
586,original sound - Marvin_Abendan,viralditiktok,2300000,56400000,381900
587,suara asli - AlumniPondokğŸ™Œ,viralditiktok,10000000,331400000,7900000
588,STAY,viralditiktok,4700000,105100000,644300
589,suara asli - AlumniPondokğŸ™Œ,viralditiktok,1800000,14200000,77300
590,Karna Rindu DJ Remix,viralditiktok,6100000,240800000,1500000
591,Ameliaaah,viralditiktok,10000000,331400000,2900000
592,Karna Rindu DJ Remix,viralditiktok,4100000,32100000,228200
593,Ameliaaah,viralditiktok,1500000,21900000,65900
594,Ameliaaah,viralditiktok,3600000,43700000,303300
595,original sound - Marvin_Abendan,viralditiktok,4300000,87000000,2800000
596,Ameliaaah,viralditiktok,5900000,131700000,582300
597,ib bub,viralditiktok,6100000,240800000,680900
598,Ameliaaah,viralditiktok,592200,28500000,240100
599,BANJAR KERAS. part2,viralditiktok,7300000,61100000,4000000
600,Give love inkigayo Mc,viralditiktok,457200,14900000,2400000
601,original sound - Marvin_Abendan,viralditiktok,14000,333700,177000
602,STAY,viralditiktok,127900,932500,459100
603,Karna Rindu DJ Remix,viralditiktok,4300000,87000000,5000000
604,ameliahh versi sloww,viralditiktok,922600,41100000,634400
605,BANJAR KERAS. part2,viralditiktok,2800000,76900000,404300
606,BANJAR KERAS. part2,viralditiktok,5900000,131700000,4700000
607,BANJAR KERAS. part2,viralditiktok,2300000,46200000,168200
608,edamame,viralditiktok,1500000,21900000,106900
609,edamame,viralditiktok,1800000,14200000,44400
610,original sound - Marvin_Abendan,viralditiktok,10000000,331400000,1600000
611,suara asli - AlumniPondokğŸ™Œ,viralditiktok,10000000,257500000,2100000
612,Dahsyatnya Cintaku Remix,viralditiktok,8500000,104600000,1700000
613,JAMBANSLOMO DIDEPAN,viralditiktok,40200,570900,453400
614,original sound - Marvin_Abendan,viralditiktok,25500000,662600000,5900000
615,STAY,viralditiktok,942700,22000000,334800
616,STAY,viralditiktok,113400,2800000,160400
617,JEREEE Remix,viralditiktok,14000,333700,30800
618,Everywhereigo,viralditiktok,2400000,22000000,243600
619,Karna Rindu DJ Remix,viralditiktok,3100000,55500000,873600
620,original sound - Marvin_Abendan,viralditiktok,738700,24300000,695400
621,Karna Rindu DJ Remix,viralditiktok,10000000,257500000,1400000
622,original sound - Marvin_Abendan,viralditiktok,1200000,9300000,1300000
623,original sound - Marvin_Abendan,viralditiktok,1600000,10200000,283700
624,Dj BonBon Remix,viralditiktok,6500000,50300000,119100000
625,What Is Love,viralditiktok,1300000,14100000,47400000
626,DJ Tutu Nadi Como Remix,viralditiktok,6200000,100800000,39700000
627,What Is Love,viralditiktok,926300,61300000,15000000
628,What Is Love,viralditiktok,155900,3900000,22200000
629,Yamet Kudasi Cover,viralditiktok,4300000,87000000,40700000
630,What Is Love,viralditiktok,10800000,228900000,14400000
631,suara asli - TRI SUAKA REAL,viralditiktok,2700000,17000000,36900000
632,What Is Love,viralditiktok,289200,4400000,17300000
633,original sound - Aldif,peatboys,76400,2000000,964700
634,suara asli - EDIIY,peatboys,76400,2000000,883500
635,suara asli - Rian.A,peatboys,2302,70700,832900
636,original sound - S.M.S.Gâš”ï¸,peatboys,562800,11500000,657700
637,suara asli - memet real,peatboys,76400,2000000,1200000
638,DJ Toxic Friends Remix,peatboys,562800,11500000,522200
639,suara asli - ğŸŒ€WILFEXBORğŸŒ€,peatboys,49900,988900,334300
640,Infinity,peatboys,76400,2000000,611500
641,Jalan Pargoy,peatboys,562800,11500000,649300
642,dj side to side gani gani x bale bale,peatboys,562800,11500000,546800
643,sonido original,paquito,2100000,31600000,4100000
644,suara asli - Soffia,paquito,71000,1400000,5900000
645,ì•„ì”¡ê¼¬ë˜ì •ìš°ì‚¬ìš´ë“œ,paquito,4793,480900,4200000
646,à¹€à¸ªà¸µà¸¢à¸‡à¸•à¹‰à¸™à¸‰à¸šà¸±à¸š - COCO SAMUI ASMR,paquito,3300000,52600000,3600000
647,original sound - Gaming Tyktok,paquito,36400,300900,2600000
648,original sound - ZenXu,paquito,67000,677700,3000000
649,suara asli - ğŸŒ€WILFEXBORğŸŒ€,paquito,6108,331500,2100000
650,Oh gon Bunge Gum HxH OP,paquito,5928,228800,725400
651,DJ Indo im a ladies Type Beat,paquito,62500,873200,2800000
652,EMOTE PEDANG X JEDAG JEDUG AESTHETIC,kayes,133900,1400000,4500000
653,dandelions,kayes,103900,3000000,2100000
654,New DC 2021,kayes,1303,195800,2200000
655,Dj Cloud Bread Slow Beat Viral,kayes,153700,2000000,1200000
656,Jang Ganggu Cover,kayes,7677,439900,1100000
657,suara asli,kayes,4742,126500,1100000
658,suara asli - Aditya Zhidan343,kayes,3607,241700,874200
659,suara asli - Kombetz Doni ğŸ¤¸,kayes,58900,1200000,1800000
660,DJ Gw Tau X Pambasilet,kayes,2675,105600,744500
661,suara asli - sty.kdx,kayes,165900,2800000,612900
662,DJ PAP PAPA CALON MANTU RAHMAT TAHALU,yourkayess,743000,8400000,4200000
663,suara asli - Youtube : GOPAL FF,yourkayess,743000,8400000,2100000
664,suara asli - aâ™¡,yourkayess,743000,8400000,1200000
665,suara asli - Muhammad Rifa'i,yourkayess,743000,8400000,1100000
666,YT DJ TEBANG,yourkayess,743000,8400000,1100000
667,Dj Cloud Bread Slow Beat Viral,yourkayess,153700,2000000,1200000
668,DJ MILAKUO POKEMON,yourkayess,37300,670000,1100000
669,DJ YE YAMA YE YA,yourkayess,65600,320000,481000
670,BROETALLZ,yourkayess,743000,8400000,830900
671,50k,yourkayess,743000,8400000,715200
672,Dj Cloud Bread Slow Beat Viral,kaptenkayesğŸ¦‹,153700,2000000,1200000
673,Cloud Bread,kaptenkayesğŸ¦‹,153700,2000000,711400
674,DJ In Da Getto Montage X Side To Side Jungle Dutch,kaptenkayesğŸ¦‹,18300,196400,438100
675,CIDRO 2_DJ Tatang AXL,kaptenkayesğŸ¦‹,183800,2100000,253900
676,DJ In Da Getto Montage X Side To Side Jungle Dutch,kaptenkayesğŸ¦‹,183800,2100000,303600
677,suara asli - ğ™† ğ™– ğ™ ğ™© ğ™¤,kaptenkayesğŸ¦‹,18300,196400,202700
678,tiban tiban mengkane,kaptenkayesğŸ¦‹,2752,93000,196100
679,Ğ¯ Ğ±ÑƒĞ´Ñƒ ĞµĞ±Ğ°Ñ‚ÑŒ,kaptenkayesğŸ¦‹,12900,856300,303100
680,suara asli - sansky:v,kaptenkayesğŸ¦‹,183800,2100000,145600
681,suara asli - Ars Junior 01,kaptenkayesğŸ¦‹,183800,2100000,178900
682,EMOTE PEDANG X JEDAG JEDUG AESTHETIC,onicesport,158500,799900,6600000
683,Build a bitch - Bella Poarch,onicesport,50000,1800000,5400000
684,Build a bitch - Bella Poarch,onicesport,50000,1800000,3600000
685,suara asli - NCLLWğŸ­â“•â“â“ğŸ‡®ğŸ‡©ã‚·,onicesport,240400,7700000,2400000
686,Pipo â™¡,onicesport,13100,1100000,3400000
687,original sound,onicesport,9218,465900,2700000
688,nháº¡c ná»n - Chill Uot Lofi,onicesport,86400,4000000,3000000
689,original sound,onicesport,25700,1800000,1600000
690,Jedag Jedug (Preman),onicesport,378000,6200000,1400000
691,suara asli - GATAU GUA,onicesport,4338,922200,1600000
692,origineel geluid,foryoupage,3200000,46400000,287700000
693,suono originale,foryoupage,123300000,1900000000,237700000
694,Trap de Amarela,foryoupage,2800000,37600000,252900000
695,suono originale,foryoupage,123300000,1900000000,176400000
696,Love Story,foryoupage,5200000,62100000,183800000
697,Touch Down 2 Cause Hell,foryoupage,1900000,35100000,200200000
698,Such a Whore (Baddest Remix),foryoupage,2600000,26900000,279700000
699,original sound,foryoupage,6900000,314000000,169800000
700,original sound,foryoupage,4000000,38200000,318500000
701,original sound,nusantarahouse,3200000,81400000,12800000
702,original sound,nusantarahouse,6400000,144200000,2200000
703,DJ bhima ard,nusantarahouse,1500000,20500000,1600000
704,suara asli - PRODUK_CIKUYA_LEBAKâœ…,nusantarahouse,3200000,81400000,1400000
705,SIDE TO SIDE WILFEX BOR,nusantarahouse,3200000,81400000,1500000
706,bunyi asal - Marry Zean Tia,nusantarahouse,5000000,105300000,2200000
707,Pergi Pagi Pulang Pagi Remix,nusantarahouse,6400000,144200000,1100000
708,AKU GA CANTIK TAPI YANG IRI BANYAK,nusantarahouse,3200000,81400000,1100000
709,suara asli - RH OFFICIALğŸ‡®ğŸ‡© II É´á´›á´› á´˜Ê€Éªá´…á´‡,nusantarahouse,1500000,20500000,1200000
710,DJ bhima ard,nusantarahouse,3200000,81400000,1600000
711,OPPOA95PerformaAndalanmu,oppoa95performaandalanmu,153700,13800000,100400
712,OPPOA95PerformaAndalanmu,oppoa95performaandalanmu,198600,4600000,94100
713,OPPOA95PerformaAndalanmu,oppoa95performaandalanmu,851500,44300000,67000
714,OPPOA95PerformaAndalanmu,oppoa95performaandalanmu,2200000,39700000,85100
715,OPPOA95PerformaAndalanmu,oppoa95performaandalanmu,491500,30300000,66700
716,OPPOA95PerformaAndalanmu,oppoa95performaandalanmu,851400,18500000,24600
717,OPPOA95PerformaAndalanmu,oppoa95performaandalanmu,2000000,84800000,249400
718,OPPOA95PerformaAndalanmu,oppoa95performaandalanmu,307300,9200000,23600
719,OPPOA95PerformaAndalanmu,oppoa95performaandalanmu,59500,6900000,6201
720,OPPOA95PerformaAndalanmu,oppoa95performaandalanmu,34800,586900,4970
721,Hello Bright Skin,hellobrightskin,943300,67900000,137300
722,Hello Bright Skin,hellobrightskin,11700000,223100000,154900
723,Hello Bright Skin,hellobrightskin,1900000,9400000,181800
724,Hello Bright Skin,hellobrightskin,7100000,76500000,128700
725,Hello Bright Skin,hellobrightskin,5500000,80000000,107100
726,Hello Bright Skin,hellobrightskin,5500000,229700000,484400
727,Hello Bright Skin,hellobrightskin,16800,1100000,27200
728,Hello Bright Skin,hellobrightskin,22400,8227,14400
729,Hello Bright Skin,hellobrightskin,1770,14500,12900
730,Hello Bright Skin,hellobrightskin,1890,20500,9462
731,Reckless Madison Beer,gggaminggaguys,10700,207500,850500
732,suara asli - danu_artawan04,gggaminggaguys,24100,181600,432400
733,suara asli - momen YouTuber indo,gggaminggaguys,29500,1300000,584200
734,original sound - æ„›JESILFIAN,gggaminggaguys,2131,51400,189200
735,original sound - Aldo disiniğŸ”¥,gggaminggaguys,444500,10900000,431500
736,suara asli - momen YouTuber indo,gggaminggaguys,29500,1300000,417700
737,original sound - HaykalNiGenkâ˜ ,gggaminggaguys,97800,4200000,285500
738,original sound - Aldo disiniğŸ”¥,gggaminggaguys,444500,10900000,385100
739,suara asli - MarkasBocilKematian,gggaminggaguys,26900,866500,191800
740,original sound - Aldo disiniğŸ”¥,gggaminggaguys,444500,10900000,496500
741,suara asli - LutfiTzyyğŸªğŸ£,katakbhizer,53400,682200,5500000
742,suara asli - Yo,katakbhizer,64900,665800,13600000
743,original sound - gamon y,katakbhizer,4406,356400,2100000
744,bunyi asal - ğˆğ‰ğ”ğ‹ ğ„ğƒğˆğ“ğ™,katakbhizer,167500,6200000,3200000
745,suara asli - cindayyyy11âœ¨,katakbhizer,29100,259300,2000000
746,suara asli - ToxğŸ”¥ğŸ‘¹,katakbhizer,4483,362100,1400000
747,suara asli - Ahee,katakbhizer,8725,362000,1200000
748,suara asli - harum namanyaa,katakbhizer,3481,518200,1800000
749,Ram pam pam pam oyeah,katakbhizer,28600,611500,1300000
750,original sound,katakbhizer,2342,202300,1700000
751,Super Idol - Remix,windahbasudara,5847,472200,3700000
752,original sound - RizkiDuarğŸŒ ,windahbasudara,14400,985200,4400000
753,Into Your Arms (feat. Ava Max),windahbasudara,1700000,65300000,3500000
754,Squid Game,windahbasudara,10600,541100,4000000
755,Orange 7,windahbasudara,1412,306500,1900000
756,original sound - Awvexel,windahbasudara,574500,10100000,2700000
757,Super Smash Bros Brawl Drill Remix,windahbasudara,36100,1500000,2500000
758,suara asli - Yareyare,windahbasudara,371700,12300000,1300000
759,Toxic by BoyWithUke,windahbasudara,14700,990900,1700000
760,Close Eyes,windahbasudara,12400,2300000,1700000
761,"Ninthalle Ninthukolle (From ""Case No 18/9"")",gg99,252800,5500000,49400000
762,original sound,gg99,98100,3000000,8800000
763,Mein,gg99,382500,4800000,21200000
764,original sound,gg99,115800,1900000,23300000
765,original sound,gg99,5600000,73000000,13200000
766,original sound - Paru Suresh,gg99,430700,7400000,6000000
767,______gm_____,gg99,83600,1200000,6300000
768,original sound,gg99,98100,3000000,4300000
769,AFZAL SALAHI,gg99,60300,1300000,8100000
770,original sound,sound,3400000,32600000,171700000
771,GET WATER OUT OF PHONE SPEAKERS,sound,112200,12300000,66700000
772,original sound,sound,1300000,24400000,44100000
773,bury a friend,sound,12800000,254900000,48400000
774,original sound - Mushir Khan,sound,1100000,12300000,84700000
775,Into The Thick Of It!,sound,2100000,86000000,26700000
776,original sound,sound,1900000,47800000,17700000
777,noah beck is my husband,sound,108400,5700000,14200000
778,Dinero,sound,125500,3900000,17300000
779,pÅ¯vodnÃ­ zvuk,sound,471000,13600000,35100000
780,original sound - armanrevo,presett,5098,294300,578900
781,sahabat tak akan pergi betrand x anneth,presett,5098,294300,546800
782,DJ LULO ELECTONE STYLE SLOW BASS,presett,6923,119500,238200
783,original sound - Hayatun Jumaini,presett,6923,119500,219000
784,badjcoooooottt,presett,6923,119500,145400
785,original sound,presett,38800,1300000,145200
786,Akhir Tak Bahagia,presett,5098,294300,120400
787,original sound - BKNS SG,presett,38800,1300000,98800
788,DJ GANI GANI SLOW BASS,presett,5770,178300,124900
789,original sound - Noraine.,presett,38800,1300000,101600
790,Oh No,xzybca,327200,9200000,58300000
791,original sound,xzybca,171000,9000000,35700000
792,original sound,xzybca,2800000,44100000,57100000
793,original sound - nanno_372,xzybca,394200,8100000,69400000
794,TE AMO FINOLAS,xzybca,193500,6000000,31700000
795,sofia by clario,xzybca,73800,5500000,26300000
796,eredeti hang,xzybca,106100,4700000,36400000
797,original sound,xzybca,124300,5300000,18600000
798,original sound,xzybca,177300,7700000,27200000
799,The Office,xzybca,1400000,56400000,20300000
800,Cloud Bread,lelepubg,18500,597000,547700
801,suara asli - Duta Sound Old â€¢ JRğŸ—¿âœŒï¸,lelepubg,5169,356000,1100000
802,suara asli - Dhika,lelepubg,20200,203100,604400
803,Cloud Bread,lelepubg,5533,136600,410900
804,suara asli - Raizer FF,lelepubg,2203,67700,479300
805,hargai aku Armada,lelepubg,24100,543400,330900
806,suara asli - DennX_04,lelepubg,155000,2200000,350000
807,suara asli - ãƒ©ãƒ¼ãƒ ã‚¸,lelepubg,18100,226500,294200
808,suara asli - Duta Sound Old â€¢ JRğŸ—¿âœŒï¸,lelepubg,18100,226500,286200
809,Dj Bagaikan Langit MengKane,lelepubg,18500,597000,213900
810,haruss izinnn kalo mau dipake,jedagjedug,505600,5700000,21200000
811,Listen To Me Now,jedagjedug,295300,7600000,16200000
812,original sound - Dyrroth Tiktok_Fan,jedagjedug,109900,3600000,10600000
813,izuma Kun aka kfy23,jedagjedug,505600,5700000,12000000
814,original sound - samuelfernandtio,jedagjedug,1400000,31200000,11600000
815,original sound - editor ff/ml,jedagjedug,295300,7600000,7300000
816,original sound - Duta Sound Old â€¢ JRğŸ—¿âœŒï¸,jedagjedug,505600,5700000,9600000
817,DJ Into Your Arms X Akimilaku By DJ Opus,jedagjedug,114200,2300000,7200000
818,Shinitai Chan,jedagjedug,130600,4100000,7400000
819,Wolfgang Dance,jedagjedug,59700,2000000,4300000
820,suara asli - ifdhalr.a,pubgmjinx,10000000,331400000,2100000
821,Pubg,pubgmjinx,1600000,46300000,387500
822,suara asli - FeyCcğŸ€,pubgmjinx,2500000,57200000,566900
823,suara asli - IRQ TikTok,pubgmjinx,1700000,24000000,357300
824,suara asli - Jans,pubgmjinx,1100000,14400000,252600
825,suara asli - Bellav  3MğŸ¤º,pubgmjinx,2700000,25100000,583700
826,Sneaky Snitch,pubgmjinx,2400000,44000000,961800
827,Paradise,pubgmjinx,2200000,36100000,453500
828,suara asli - ğŸŒ€WILFEXBORğŸŒ€,squadlandudğŸ’,404200,5700000,1800000
829,Alasan Dirimu Remix,squadlandudğŸ’,404200,5700000,1100000
830,suara asli - Zerz`SoftBoyğŸ¤º,squadlandudğŸ’,46200,347700,642700
831,original sound - Anggun,squadlandudğŸ’,509700,12000000,556000
832,CINTA STADIUM AKHIR AF,squadlandudğŸ’,509700,12000000,470200
833,original sound - Dj HarrisNugraha,squadlandudğŸ’,509700,12000000,671000
834,DJ PREMINIM Dash Uciha DJ WISNU UGIL,squadlandudğŸ’,57300,1000000,537200
835,suara asli - ğŸŒ€WILFEXBORğŸŒ€,squadlandudğŸ’,404200,5700000,603200
836,suara asli - ğŸŒ€WILFEXBORğŸŒ€,squadlandudğŸ’,46200,347700,508600
837,DJ Karna Ko Deng Sa Sama Sama Bahagia,squadlandudğŸ’,404200,5700000,506300
838,nháº¡c ná»n - â˜˜ï¸ BÃ©LÃ QuÃ¢nâ˜˜ï¸ âœ…,freefire,3000000,26700000,149000000
839,original sound - ğŸ‡µğŸ‡­random editğŸ‡µğŸ‡­,freefire,322700,5500000,35100000
840,SI LO USAS ERES WAPO,freefire,4600000,58500000,34200000
841,Lily slowed,freefire,3300000,32900000,33700000
842,sonido original,freefire,5000000,54500000,33300000
843,sonido original,freefire,9900000,183700000,27200000
844,Ğ¾Ñ€Ğ¸Ğ³Ğ¸Ğ½Ğ°Ğ»ÑŒĞ½Ñ‹Ğ¹ Ğ·Ğ²ÑƒĞº,freefire,6300000,122600000,32800000
845,McWilliam621,freefire,508700,8300000,26100000
846,Dynamic Stage,freefire,1600000,13700000,36000000
847,sonido original,freefire,9900000,183700000,20400000
848,Keluarga Sehat Indonesia Kuat,keluargasehatindonesiakuat,3200000,43700000,334900
849,Keluarga Sehat Indonesia Kuat,keluargasehatindonesiakuat,2900000,59100000,87700
850,Keluarga Sehat Indonesia Kuat,keluargasehatindonesiakuat,1300000,28800000,98800
851,Keluarga Sehat Indonesia Kuat,keluargasehatindonesiakuat,1300000,38900000,172400
852,Keluarga Sehat Indonesia Kuat,keluargasehatindonesiakuat,457200,14900000,55900
853,Keluarga Sehat Indonesia Kuat,keluargasehatindonesiakuat,34,292,9436
854,Keluarga Sehat Indonesia Kuat,keluargasehatindonesiakuat,24,227,8514
855,Keluarga Sehat Indonesia Kuat,keluargasehatindonesiakuat,15,138,6454
856,ì˜¤ë¦¬ì§€ë„ ì‚¬ìš´ë“œ - ì›ì •ë§¨ WonJeong,xyzbca,36600000,963200000,168400000
857,ì˜¤ë¦¬ì§€ë„ ì‚¬ìš´ë“œ - ì›ì •ë§¨ WonJeong,xyzbca,36600000,963200000,161300000
858,ì˜¤ë¦¬ì§€ë„ ì‚¬ìš´ë“œ - ì›ì •ë§¨ WonJeong,xyzbca,36600000,963200000,180100000
859,.....Wiii,xyzbca,4600000,79800000,209000000
860,See You Again (Piano Arrangement),xyzbca,16200000,196200000,125100000
861,ì˜¤ë¦¬ì§€ë„ ì‚¬ìš´ë“œ - ì›ì •ë§¨,xyzbca,36600000,963200000,145900000
862,bed time,xyzbca,1900000,44100000,100000000
863,original sound,xyzbca,1700000,17800000,150700000
864,original sound - á´Š á´ á´‹ á´,xyzbca,1600000,33900000,110200000
865,dudada dudada,xyzbca,3400000,44600000,129800000
866,Godzilla!,mainsukasuka,22100,631100,28700
867,Fluffing a Duck,mainsukasuka,22100,631100,6423
868,original sound - Devriandi,mainsukasuka,1197,6691,497
869,original sound - DCC,mainsukasuka,42600,940800,21500
870,original sound - Izzat HÃ¸jbjerg,mainsukasuka,12200,75100,5507
871,bunyi asal,mainsukasuka,791,2990,924
872,Drift Phonk Type Beat,mainsukasuka,791,2990,538
873,ì•„ë¬´ë…¸ë˜,mainsukasuka,22100,631100,2765
874,Duy Anh NhÃ¡i Superidol kiá»ƒu,btsanjing,61700,2000000,18900000
875,original sound - Lebai Alfonso,btsanjing,19400,2300000,8700000
876,Ğ¾Ñ€Ğ¸Ğ³Ğ¸Ğ½Ğ°Ğ»ÑŒĞ½Ñ‹Ğ¹ Ğ·Ğ²ÑƒĞº,btsanjing,21400,879100,3200000
877,sonido original,btsanjing,47000,1300000,3400000
878,Ğ¾Ñ€Ğ¸Ğ³Ğ¸Ğ½Ğ°Ğ»ÑŒĞ½Ñ‹Ğ¹ Ğ·Ğ²ÑƒĞº,btsanjing,6135,272000,2100000
879,original sound - ho(p)e ni nagito,btsanjing,130700,3500000,4300000
880,sonido original,btsanjing,47000,1300000,1900000
881,suara asli,btsanjing,11000,219100,2800000
882,manjiro national anthem,btsanjing,4027,281200,867200
883,suara asli,btsanjing,8436,177800,2100000
884,suara asli - Rizkybkr2_,bokirsasmita,851600,9600000,2100000
885,suara asli - sahabatkuberubahkarnafisikku,bokirsasmita,22500,482500,2300000
886,suara asli - suka mas natta<3,bokirsasmita,30100,514700,1400000
887,suara asli - Duta Sound oldğŸ—¿ğŸ¤™,bokirsasmita,60500,1600000,757800
888,original sound - syanandra nailah,bokirsasmita,7816,533300,842200
889,suara asli - SailaCaa225,bokirsasmita,30100,1100000,905700
890,duit mana duit,bokirsasmita,7947,112700,989000
891,suara asli - ğ‘°ğ’šğ’‚ğ’ ã€† ğ™ğ™‡ğ™€ğ™‹ğ™€ğ™,bokirsasmita,16900,1700000,1800000
892,suara asli - BOCAH DAGLOG,bokirsasmita,35700,796400,779800
893,suara asli - Vinn_,bokirsasmita,13600,326900,984800
